Riding,PC,NDP,Liberal,Green,Other,Total,PC_Share,NDP_Share,Liberal_Share,Green_Share,Other_Share,Swing_PC,Swing_NDP,Swing_Liberal,Swing_Green,Swing_Other,Predicted_PC_Share,Predicted_NDP_Share,Predicted_Liberal_Share,Predicted_Green_Share,Predicted_Other_Share,Total_Predicted,Predicted_Winner,Win_Probability,margin
Ajax,15336,6291,13561,1305,1194,37687,0.4069307718842041,0.16692758776235836,0.35983230291612495,0.0346273250723061,0.0316820123650065,0.020376807741461753,-0.03858852000553756,0.03555860329303239,0.0033992824386985376,,0.4320322143199347,0.12975808122876806,0.39976264610413104,0.038447058347166316,,0.9890641611026486,PC,0.77,3.2269568215803677
Algoma—Manitoulin,8692,11252,2133,764,1658,24499,0.35478999142822154,0.45928405241030246,0.08706477815421038,0.03118494632433977,0.06767623168292583,0.08157613906669027,-0.0745743719477673,-0.0214140375001832,-0.007686258569523485,,0.47940456012702426,0.4226532772595656,0.0721258187695762,0.025816343843834026,,0.9102252393662904,PC,0.919,5.675128286745867
Aurora—Oak Ridges—Richmond Hill,17340,2501,10000,1268,1381,32559,0.5325716391781075,0.07681439847661169,0.3071347400104426,0.03894468503332412,0.04241530759544212,-0.03718120459597689,-0.03111899355076289,0.04449374775035428,-0.008337778985490065,,0.5365309674539449,0.04949025677846582,0.38083006766532596,0.033148708102263294,,0.9233212333166103,PC,1.0,15.570089978861896
Barrie—Innisfil,18225,6942,6564,2291,2131,36272,0.5024536832818703,0.19138729598588444,0.1809660344067049,0.06316166740185267,0.05875055138950155,-0.012229267163664383,-0.03237101437294761,0.060120303177217796,0.004278947676053904,,0.5118406493652891,0.16602803565947596,0.2517169351930032,0.07041437978223182,,0.957767650392972,PC,1.0,26.012371417228586
Barrie—Springwater—Oro-Medonte,16631,3093,16335,1699,1742,39500,0.4210379746835443,0.07830379746835443,0.41354430379746837,0.043012658227848104,0.04410126582278481,0.030121021618473496,-0.029431199483299045,0.02736770824723682,0.0025611634913455215,,0.45732491233668,0.049540531769024364,0.4469378842255221,0.04619667166877348,,0.9865174280509721,PC,0.607,1.038702811115788
Bay of Quinte,21381,9073,8003,2719,2190,43366,0.49303601900106075,0.20921920398468846,0.18454549647189042,0.06269888853018493,0.05050039201217544,-0.004220028163147996,-0.03284511138718173,0.06065712855046658,0.00423256362497936,,0.500157481557957,0.18046631783551895,0.25089180734933964,0.0684843932571844,,0.9773241606129408,PC,1.0,24.92656742086174
Beaches—East York,7536,13500,14398,4154,751,40648,0.18539657547726826,0.3321196614839598,0.35421176933674475,0.10219444991143475,0.018475693761070656,0.02118987372120111,0.017306955848366293,-0.020460634157135255,0.0303840462313361,,0.2020716239596386,0.34179010430268575,0.3264572005849465,0.12968107115272923,,1.0223426978531758,NDP,0.658,1.5332903717739266
Brampton Centre,10119,6522,6119,882,821,24463,0.41364509667661364,0.2666067121775743,0.2501328536974206,0.03605444957691207,0.03356088787147938,0.016153141827468284,-0.0786402646707184,0.06242353989279785,0.0016889565213945596,,0.443976868125202,0.19416727943598006,0.32286732775284566,0.03898852468597234,,0.9680644856994629,PC,0.997,12.110954037235633
Brampton East,12869,9017,6131,557,462,29036,0.44320843091334894,0.31054552968728477,0.2111516737842678,0.01918308306929329,0.01591128254580521,0.040438587775898656,-0.08239144776200773,0.08769641501227445,-0.003089962550391862,,0.471050052200767,0.22221162965499971,0.2910643555897935,0.01567396255443988,,1.0267423099299682,PC,1.0,17.998569661097353
Brampton North,13509,5949,8639,895,1033,30025,0.44992506244796004,0.19813488759367193,0.2877268942547877,0.02980849292256453,0.03440466278101582,0.014830545213083116,-0.05194204384860204,0.06027794856091567,-0.002529932895293666,,0.47124376043897515,0.14823374758705243,0.3528631135937834,0.02765937838018895,,0.9862318542490873,PC,0.999,11.838064684519173
Brampton South,12980,5475,7957,1028,974,28602,0.45381441857212784,0.19142018040696454,0.2781973288581218,0.035941542549472065,0.03405356268792392,0.0074326430211682885,-0.04967847181570653,0.053485295722452544,-0.0016159974578004357,,0.47600466278196907,0.14627673500414232,0.3422948111988784,0.03542379101501013,,0.9689969398568002,PC,0.999,13.370985158309068
Brampton West,14751,6398,8089,854,744,30836,0.4783694383188481,0.2074847580749773,0.2623232585289921,0.027694902062524323,0.024127643014658192,0.012108976072308366,-0.06680864643639915,0.07545548776398332,-0.0019432376415023933,,0.4930992681932229,0.1414278093916904,0.33958365489956127,0.025889267515525394,,0.9946849367437319,PC,1.0,15.351561329366165
Brantford—Brant,20738,13283,6083,3174,2886,46953,0.44167571827146296,0.28289992119779356,0.12955508700189552,0.06759951440802504,0.061465721040189124,0.0142756763846499,-0.03352243682173327,0.041319987971627614,-0.006670610163415797,,0.48653869154412843,0.2661068622027254,0.18233815351705754,0.06501629273608855,,0.9371328582503056,PC,1.0,22.043182934140304
Bruce—Grey—Owen Sound,20304,5817,8499,3702,3011,41811,0.485613833680132,0.1391260673028629,0.20327186625529167,0.08854129296118246,0.0720145416278013,-0.0010307605999200897,-0.031023204385221076,0.05436425761985296,0.020561501496064408,,0.5050766309556254,0.1126746533923245,0.26853184250161527,0.11371687315043479,,0.9594248543302453,PC,1.0,23.654478845401012
Burlington,22348,9262,15452,3515,1943,52520,0.4255140898705255,0.17635186595582636,0.2942117288651942,0.06692688499619193,0.036995430312262,0.02026616469773756,-0.042842703892005604,0.0568986304824832,-0.00920437144243895,,0.4511387500212275,0.1351140071203631,0.355330876619972,0.05841636623843732,,0.9881222895335143,PC,0.987,9.580787340125552
Cambridge,14590,8745,8155,3537,4374,39401,0.37029517017334584,0.22194868150554553,0.20697444227303877,0.0897692951955534,0.11101241085251644,0.020006574084859164,-0.04200957224729365,0.04971475282190131,0.024430187853333292,,0.4147162862583414,0.19119483897271206,0.2727458723371527,0.1213430024317937,,0.9411295316602838,PC,1.0,14.19704139211887
Carleton,22295,7256,12452,2537,1531,46306,0.48147108366086466,0.15669675635986696,0.2689068371269382,0.054787716494622725,0.03306267006435451,-0.004542483208027415,-0.04458562521625599,0.06069024153402179,-0.005015969651659346,,0.49248697458938867,0.1157684226575779,0.3403492010106212,0.05139540174241226,,0.9684085571003715,PC,1.0,15.213777357876745
Chatham-Kent—Leamington,17522,11163,0,1244,6941,36870,0.4752373203146189,0.30276647681041496,0.0,0.03374016815839436,0.18825603471657174,0.013039838041286517,-0.05623383213466088,0.018889399737599816,-0.0028656467720796185,,0.6223470699091171,0.3142249569230652,0.024076003511244552,0.03935196965657315,,0.784573724155574,PC,1.0,30.812211298605195
Davenport,4994,20242,6815,1710,1011,35473,0.1407831308319003,0.5706311842810025,0.19211794886251515,0.048205677557579006,0.028500549713866886,0.0654209115749142,-0.03800516580701056,0.0329417716267946,0.011332608546328131,,0.20148366940507847,0.5204332726466983,0.2199077078712444,0.058175350076978743,,1.0234280674740235,NDP,1.0,30.052556477545387
Don Valley East,9038,4355,12313,1139,810,28076,0.3219119532696965,0.15511468870209433,0.4385596238780453,0.040568457045163125,0.028850263570309162,0.020889823212749136,0.02647679676358526,0.004217824524780638,0.003099613411942979,,0.3391260634147933,0.179644359628265,0.4380297400628741,0.04319983689406748,,1.0108387808080574,Liberal,0.992,9.89036766480808
Don Valley North,15041,3133,11685,1179,690,31728,0.47406076651538076,0.09874558749369641,0.36828668683812404,0.03715960665658094,0.021747352496217853,0.012523416024488643,-0.03803946438600479,0.032557960087759207,0.000773107580108845,,0.4934592208199446,0.06156385119499158,0.4065082553843289,0.038468672600735096,,0.9860676668101339,PC,0.975,8.69509654356157
Don Valley West,14208,3392,16177,2025,673,36760,0.38650707290533187,0.09227421109902068,0.44007072905331884,0.055087051142546244,0.018307943416757344,0.018315131314583653,-0.03569636416104928,0.03571610773595906,0.0022675294099738057,,0.40704406708209956,0.05688837391901001,0.47839818837019027,0.05766937062870015,,0.9945414684996849,Liberal,0.948,7.135412128809071
Dufferin—Caledon,22911,4967,8678,6518,2869,46127,0.4966939102911527,0.10768096776291543,0.1881327638909966,0.14130552604765104,0.06219784507988813,-0.0031684538774293877,-0.02551582406941584,0.050120432291850946,0.03275050975269183,,0.4995197776193145,0.08316311503783791,0.24114700068192385,0.17617010666092375,,0.9879998320904133,PC,1.0,25.837277693739065
Durham,22614,9168,12276,1981,3281,49320,0.45851581508515815,0.18588807785888078,0.2489051094890511,0.040166261151662615,0.06652473641524737,0.01807896582807708,-0.042421626230709567,0.04710430080742085,0.004681387858601711,,0.4959784665942786,0.1493014055880245,0.3080484707260119,0.04667165709168512,,0.9609182918481427,PC,1.0,18.79299958682667
Eglinton—Lawrence,16605,3801,16081,1513,877,39258,0.4229711141678129,0.09682103010851291,0.40962351622599213,0.03853991543124968,0.022339395791940497,0.025412754620272898,-0.0364850043902786,0.030628503350105023,0.0020258538630913113,,0.4531246018423407,0.06097395453636491,0.4449067751252833,0.040994668496011105,,0.9895376833767582,PC,0.584,0.8217826717057397
Elgin—Middlesex—London,22369,7973,7618,2043,3330,43791,0.5108127240757233,0.18206937498572767,0.1739626863967482,0.04665342193601425,0.07604302253887785,-0.02353786350716326,-0.02755232180061362,0.04628778262798099,0.0061262490980144805,,0.5326444181553007,0.16890394426017524,0.2407577168771312,0.057693920707392855,,0.914822053812432,PC,1.0,29.188670127816952
Essex,24926,13793,4186,989,4615,48780,0.5109881098810988,0.28275932759327593,0.08581385813858139,0.02027470274702747,0.09460844608446084,-0.017563938676202144,-0.08205008297205067,0.04366251908442989,-0.004304941821860483,,0.587703891631454,0.23905923348315486,0.15421573406607111,0.019021140819319937,,0.8395795539743002,PC,1.0,34.86446581482991
Etobicoke Centre,22035,3906,15443,2036,1647,45351,0.4858768274128465,0.08612820003969042,0.3405217084518533,0.04489426914511257,0.03631672950982338,0.006995535930871948,-0.032812076026961734,0.0331149535200612,0.002224105959358612,,0.5097219753685367,0.055138819037028684,0.3864100151982233,0.04872919039621138,,0.9669435244328327,PC,0.997,12.331196017031337
Etobicoke—Lakeshore,17978,8595,17136,2278,1798,47966,0.3748071550681733,0.1791894258433057,0.35725305424675813,0.04749197348121586,0.037484885126964934,0.020050114469137216,-0.039027833737529966,0.04046310755728981,0.006216137455529817,,0.40028386409109484,0.14208785810377092,0.40318204662903,0.05444623117610434,,0.9864431343838798,Liberal,0.532,0.2898182537935168
Etobicoke North,13934,3290,5884,690,1173,25103,0.5550730988328089,0.13106003266541846,0.23439429550252958,0.027486754571166793,0.04672748277098355,-0.028710758216816203,-0.04115830841829017,0.08844812607503154,-0.004241562869821739,,0.5469542502718121,0.09341878472191982,0.33547239425077924,0.02415457075548888,,0.962351678142027,PC,1.0,21.148185602103286
Flamborough—Glanbrook,20306,9995,8970,2392,2202,43951,0.46201451616573,0.22741234556665377,0.20409091943300495,0.05442424518213465,0.05010124911833633,-0.004068544633168691,-0.039086315566029595,0.07674160022322739,-0.0024244455114629023,,0.46771928361043374,0.19234521387382916,0.2868259425201355,0.053109559995601664,,0.9791043208600896,PC,1.0,18.089334109029824
Glengarry—Prescott—Russell,18661,3789,17529,1670,2733,44382,0.4204632508674688,0.08537244828984723,0.39495741516831145,0.03762786715335046,0.06157901852102204,0.01829215452002105,-0.028962627295647317,0.032801453885094915,0.002069387495851366,,0.4557923064443433,0.05860021802888544,0.4443687738859594,0.041238701640811816,,0.9626213500842979,PC,0.604,1.1423532558383909
Guelph,11149,4402,7263,29752,1619,54638,0.20405212489476188,0.08056663860316995,0.13292946301109118,0.5445294483692668,0.029631392071452104,0.010788665908711071,-0.03798613631339183,0.022563396848651426,0.10164968274716751,,0.20285351067280424,0.040204675952781134,0.14681696333894362,0.6101248500354711,,1.0590932840694278,Green,1.0,40.72713393626669
Haldimand—Norfolk,13851,6311,3329,1841,19827,45427,0.3049067735047439,0.13892618927069805,0.0732824091399388,0.040526559094811454,0.4364584938472714,0.050598807143180755,-0.07408402726802742,0.01387714293222576,-0.006332561758046818,,0.6562760433823374,0.11970095503398856,0.16089965696922706,0.06312334461444713,,0.5417012920595244,PC,1.0,49.537638641311034
Haliburton—Kawartha Lakes—Brock,25594,7692,6590,3695,4837,48926,0.5231165433511834,0.15721702162449414,0.1346932101541103,0.07552221722601479,0.09886358991129461,-0.024402462123312648,-0.02633067680730966,0.030996226713096382,0.01204921470582901,,0.5648838431816552,0.14825244416258637,0.18767323682081213,0.09919047583494646,,0.8828612948441056,PC,1.0,37.7210606360843
Hamilton Centre,4800,16690,3799,2554,1079,29147,0.16468247160942806,0.5726146773252822,0.13033931450921193,0.08762479843551652,0.037019247263869355,0.06564722098847944,-0.042459811356230004,0.029683650875981363,0.022981763694579778,,0.2233794453076017,0.5141573305272091,0.15519423848936603,0.10726898567582317,,1.0311140860822492,NDP,1.0,29.077788521960745
Hamilton East—Stoney Creek,12166,9614,7411,1740,4156,35166,0.34595916510265595,0.2733890689870898,0.21074333162713985,0.04947961098788602,0.11818233521014616,0.0211268959780803,-0.010822753920627634,0.04544707855555553,7.704273332081145e-05,,0.39243776013024173,0.28069967098988025,0.2738834333369921,0.0529791355428859,,0.9353994400511007,PC,0.995,11.17380891403615
Hamilton Mountain,10211,15250,5300,1913,1360,34034,0.30002350590585886,0.4480813304342716,0.15572662631486162,0.05620849738496797,0.03996003996003996,0.027372214924140895,-0.01650153102190162,0.02327974449308992,-0.006804611084568236,,0.3315783236299425,0.4370933927875205,0.18129324415452683,0.0500350394280101,,0.9873857773507211,NDP,0.991,10.551506915757802
Hamilton West—Ancaster—Dundas,14852,18197,8184,2416,1368,45017,0.3299198080725059,0.4042250705289113,0.18179798742697204,0.05366861407912566,0.03038851989248506,0.025479948389630386,-0.004162665998613868,0.020413318902389364,-0.0056566366080385904,,0.353390573864107,0.3978007304388194,0.20106814449423221,0.047740551202841555,,1.005685444792882,NDP,0.845,4.441015657471242
Hastings—Lennox and Addington,18156,7258,7102,1732,3936,38184,0.47548711502199875,0.19007961449821914,0.18599413366855228,0.045359312801173265,0.10307982401005657,0.007803040658766244,-0.038597575685345525,0.05107812434400226,0.005797950641184687,,0.5236069958809307,0.16411891353549482,0.25684920614575446,0.055424884437819934,,0.9230017159485512,PC,1.0,26.675778973517627
Humber River—Black Creek,6865,7959,7076,430,748,23078,0.29746945142560016,0.34487390588439204,0.3066123580899558,0.018632463818355142,0.032411820781696854,0.03151045263312559,0.0037506848891441513,-0.015027320547488893,-0.006607800425708091,,0.33527837803186405,0.35529917145245554,0.2971675693240737,0.01225488119160664,,0.9812141957673759,NDP,0.656,2.0020793420591487
Huron—Bruce,24369,7679,8775,1922,4070,46892,0.5196835281071398,0.16375927663567347,0.1871321334129489,0.04098780175722938,0.08679518894480935,-0.01986298838368405,-0.02576831294084822,0.046745198968114264,0.0033361099428291362,,0.5456480175498667,0.15064306045032982,0.25532104549802204,0.04838787650178134,,0.9160127474994028,PC,1.0,29.032697205184466
Kanata—Carleton,19871,11045,10672,2503,1478,45569,0.43606399087098685,0.2423796879457526,0.23419429875573305,0.054927692071364304,0.03243433035616318,0.013100074103690313,-0.05140553514919893,0.08020057445184292,-0.001990324015871396,,0.44583348419488017,0.18955806702224295,0.31206361475743505,0.052544834025441765,,1.0074704590342998,PC,0.999,13.376986943744512
Kenora—Rainy River,9567,3199,1823,608,764,16059,0.5957407061460863,0.1992029391618407,0.1135188990597173,0.03786038981256616,0.04757456877763248,-0.09255427702516125,-0.0367585736010652,0.028199883338297753,0.002072150739295066,,0.593882980237434,0.19172405764311326,0.16726280355610967,0.04713015856334297,,0.8472821176315769,PC,1.0,40.215892259432074
Kiiwetinoong,1426,2742,281,158,156,4763,0.2993911400377913,0.5756875918538736,0.05899643082091119,0.03317237035481839,0.0327524669326055,0.2041315122247843,-0.13030793640572697,-0.002601519394969474,-0.012725711823313897,,0.49088535961553836,0.4342016220078561,0.05497952525356009,0.019933493123045532,,1.0257438776681684,PC,0.898,5.668373760768225
King—Vaughan,23439,2840,11658,1104,1709,40897,0.5731227229381128,0.06944274641171724,0.28505758368584494,0.026994645083991492,0.041787906203389,-0.09014139585025405,-0.040269668629032335,0.08607958132557651,-0.007858384250812821,,0.535202163152606,0.03232732501120474,0.41126520302161745,0.021205308814571715,,0.9024278307151439,PC,1.0,12.39369601309886
Kingston and the Islands,11973,15186,18360,1601,1386,48749,0.2456050380520626,0.31151408234015054,0.3766231102176455,0.03284169931690906,0.028431352437998728,0.016283872452506273,0.01849265087680218,-0.02001724243487281,-0.001879928427710396,,0.2673800184368286,0.33692608916438654,0.36408293622946514,0.03161095616931965,,0.979463282393493,Liberal,0.744,2.7156847065078593
Kitchener Centre,10376,15789,5728,4980,2029,38902,0.2667215053210632,0.4058660223124775,0.14724178705465016,0.1280139838568711,0.05215670145493805,0.03559115164786821,-0.02994232719026109,0.02961493630380395,0.015425333484305541,,0.3027569853032045,0.37647621432846523,0.17711666104708,0.14365013932125018,,0.9985323927907787,NDP,0.956,7.371922902526073
Kitchener—Conestoga,15045,10851,6590,2315,2724,37589,0.40025007315970096,0.2886748782888611,0.17531724706696108,0.06158716645827237,0.07246800925802761,0.02425289467179582,-0.038926360099047,0.059406240599432,0.005270937828935526,,0.4350159647308149,0.25593364667254603,0.24053651486532998,0.06851387373130918,,0.9758330779749118,PC,1.0,17.908231805826887
Kitchener South—Hespeler,13768,9118,5629,3993,1988,34496,0.39911873840445267,0.2643205009276438,0.16317833951762523,0.11575255102040816,0.05762987012987013,0.020741242807818895,-0.03961237241704525,0.04753472223511862,0.021153354233723026,,0.4231661458402913,0.2264775804692377,0.212372310317985,0.13798396337248608,,0.9921870767297452,PC,1.0,19.66885653710536
Lambton—Kent—Middlesex,24933,7987,4063,1688,3428,42399,0.588056322083068,0.1883770843651973,0.09582773178612704,0.039812259723106674,0.08085096346611949,-0.1288174557491138,-0.03461422099240914,0.004215402974161654,0.001830531892902304,,0.6085151421681967,0.203743710571396,0.1325623043571826,0.05517884290322476,,0.75468765608304,PC,1.0,40.47714315968007
Lanark—Frontenac—Kingston,22142,9146,6962,2982,2629,44185,0.5011202896910716,0.20699332352608352,0.1575647844291049,0.06748896684395157,0.059499830259137715,-0.010082987024810953,-0.03252795736925221,0.04707942648811697,-0.004679840623416495,,0.5263241776985429,0.1870027793830963,0.21935033335945928,0.06732270955890159,,0.9329560059608488,PC,1.0,30.697384433908358
Leeds—Grenville—Thousand Islands and Rideau Lakes,24657,5799,7746,2583,1480,42744,0.5768528916339135,0.13566816395283549,0.18121841661987648,0.060429533969679955,0.034624742653939736,-0.10022338998017889,-0.03813928984918871,0.054191925340025524,0.003587030566080453,,0.5456015701460427,0.1116420755763104,0.26947608521146393,0.07328026906618292,,0.8735852822530439,PC,1.0,27.61254849345788
London—Fanshawe,11224,16123,3553,1200,1611,34260,0.32761237594862813,0.4706071220081728,0.10370694687682429,0.03502626970227671,0.04702276707530648,0.04758019570860521,-0.02856975836934958,-0.01052285647820833,-0.0078527710813322,,0.400168050370659,0.47146250581937305,0.09938708438621213,0.028982359423755707,,0.9375875243156171,NDP,0.966,7.1294455448714045
London North Centre,13051,17082,9013,2064,1568,43085,0.3029128466983869,0.39647209005454337,0.20919113380526866,0.04790530346988511,0.0363931762794476,0.03422173463060543,-0.01160175350804829,0.025405897671239783,0.001634839766682732,,0.33507651037799785,0.3825208580194826,0.23316491100471332,0.049237720597806296,,1.0061420925885636,NDP,0.886,4.744434764148475
London West,16886,22510,6077,1713,1798,49882,0.33851890461489115,0.4512649853654625,0.12182751293051602,0.034341044865883484,0.03604506635660158,0.03950709657851796,-0.007408768839993765,-0.008772570887669806,-0.007058380379348946,,0.39286864775286123,0.4612835916909473,0.11749388153707106,0.02835387901912053,,0.9622198242482585,NDP,0.944,6.841494393808606
Markham—Stouffville,21176,4137,15512,1723,1175,43723,0.4843217528531894,0.09461839306543467,0.3547789492944217,0.03940717700066327,0.02687372778629097,0.0014391501933363592,-0.03866967892458249,0.03310094342828491,-0.0005029154000875183,,0.5015632700340799,0.05776879086541068,0.4004980766347006,0.04016986246580888,,0.9684937715106603,PC,0.993,10.106519339937925
Markham—Thornhill,14011,2597,10763,733,376,28699,0.4882051639429945,0.09049095787309662,0.3750304888672079,0.025540959615317608,0.013101501794487613,0.02841618397600308,-0.037326710922822734,0.03722503505450978,0.0014656813664689575,,0.5119889944905421,0.052687542720718954,0.4085589804139223,0.026764482374816535,,1.0090477597727758,PC,0.995,10.343001407661983
Markham—Unionville,19985,2579,10774,1299,785,35422,0.5641973914516403,0.07280785952233075,0.3041612557167862,0.03667212466828525,0.022161368640957597,-0.014601463241537289,-0.04001129665311583,0.04352813769585102,-0.008763560045268803,,0.5736966675584717,0.034234749312494345,0.36293617930517574,0.029132403823858,,0.9579904491149717,PC,1.0,21.076048825329597
Milton,16766,3777,15086,1612,1579,38927,0.43070362473347545,0.09702776992832739,0.3875459192848152,0.04141084594240502,0.04056310529966347,0.021910582257530575,-0.030526558321415,0.03128664958787477,0.0006073041604837907,,0.4618671907498029,0.06786072401601205,0.42739494030861613,0.04287714492556888,,0.9799661375734972,PC,0.788,3.447225044118679
Mississauga Centre,14719,4148,12260,1188,855,33758,0.4360151667752829,0.12287457787783636,0.3631731737662184,0.035191658273594405,0.025327329818117188,0.018302071139548116,-0.038616460052165916,0.031226126557244868,0.0003038449723118189,,0.4691081429277864,0.08700125348798823,0.40723949677965404,0.03665110680457126,,0.968470159309871,PC,0.915,6.186864614813237
Mississauga East—Cooksville,13840,3664,12634,1345,2224,33828,0.4091285325765638,0.10831264041622325,0.37347759252690077,0.039759962161523,0.06574435378975996,0.02698370526353823,-0.030733423917093577,0.03448839756741419,0.0006773977086111643,,0.4532944527808147,0.08063572961011663,0.42403928206387276,0.04203053554519592,,0.9620948043036808,PC,0.763,2.9255170716941947
Mississauga—Erin Mills,15693,4521,13954,1594,1473,37235,0.4214583053578622,0.12141802067946825,0.37475493487310324,0.042809184906673826,0.03955955418289244,0.027015990286720713,-0.0302652834472905,0.031166241011810772,0.0012250595525395251,,0.45319548076554006,0.09211232165191922,0.4101943951852863,0.04449780239725443,,0.989582453220888,PC,0.858,4.300108558025379
Mississauga—Lakeshore,19341,3647,15768,2160,1515,42890,0.45094427605502446,0.08503147586850082,0.3676381440895314,0.050361389601305664,0.03532291909536022,0.008253597574506603,-0.03742996194413656,0.03950023802777115,-0.0026242764938976277,,0.47749804206464475,0.049498551721375204,0.42336385134749616,0.04963955486648385,,0.9616748827786059,PC,0.902,5.413419071714859
Mississauga—Malton,13028,5140,8838,1173,844,29023,0.44888536677807256,0.1771009199600317,0.30451710712193775,0.040416221617337975,0.02908038452261999,0.012326556492857053,-0.047345501164677076,0.04760180687968951,-0.0023353825991147895,,0.4700646052856479,0.13224599504528192,0.35887762213501,0.03881177753406024,,0.9811670950861346,PC,0.995,11.11869831506379
Mississauga—Streetsville,17317,4554,13479,1137,1221,37989,0.4558424807181026,0.11987680644397063,0.35481323541025034,0.029929716496880678,0.03214088288715154,0.017059579348804733,-0.04016870020539556,0.038462046795342285,-0.0006158317877397249,,0.48492861301015505,0.08173519353768433,0.40327681614276145,0.03005937730939916,,0.975199333220216,PC,0.983,8.16517968673936
Mushkegowuk—James Bay,2594,3423,852,141,222,7255,0.3575465196416265,0.47181254307374226,0.11743625086147484,0.01943487250172295,0.03059958649207443,0.05299057825631198,-0.03220640976903537,0.0022273168075771805,-0.00558495752715193,,0.41735810076735735,0.44691011316922813,0.12165175714721319,0.014080028916201312,,0.9836567138462684,NDP,0.767,2.9552012401870775
Nepean,17123,8435,15029,1696,1334,43617,0.3925762890616044,0.19338789921360938,0.3445674851548708,0.03888392140679093,0.03058440516312447,0.019183297093181558,-0.04478102506163112,0.0461629724001225,0.004312075131159139,,0.4141230216886147,0.14945985433447234,0.392973189184288,0.04344393479262511,,0.9942929143997075,PC,0.701,2.1149832504326724
Newmarket—Aurora,18671,5281,13069,2332,2052,41523,0.44965440840016374,0.12718252534739782,0.31474122775329333,0.056161645353177754,0.04941839462466585,0.00441069150531644,-0.03301153370730707,0.05350451665052096,-0.0056190833579986815,,0.46954875272082836,0.09738222928010262,0.38080295097675954,0.05226606702230948,,0.9670243979445643,PC,0.983,8.874580174406882
Niagara Centre,15506,16360,5492,1865,1985,41208,0.3762861580275675,0.39701028926422055,0.13327509221510386,0.04525820229081732,0.04817025820229082,0.03807732436000689,-0.02401223841926263,0.017076687605990674,0.0007679192551102443,,0.4212126380358506,0.3791634631347195,0.1528369957866917,0.04678690304273832,,0.9837394345995544,PC,0.856,4.204917490113108
Niagara Falls,18342,24207,4239,1356,2065,50344,0.3643333863022406,0.4808318766883839,0.08420069918957572,0.026934689337358972,0.04101779755283649,0.08846852862497515,-0.08835255317675801,-0.016898481787623317,-0.011752120549629479,,0.4880561509120978,0.42303696523999584,0.07254223113947304,0.016364652708433222,,0.9277660246285236,PC,0.931,6.501918567210197
Niagara West,18779,8658,8013,2702,3305,41796,0.4493013685520145,0.20714900947459086,0.19171691070915878,0.06464733467317446,0.07907455258876447,0.00021149912723882752,-0.034216873874074905,0.06762776436615356,-0.004971155730874957,,0.47746061548067975,0.18368391616127597,0.2754690178779293,0.06338645048011504,,0.9414658572973811,PC,1.0,20.199159760275045
Nickel Belt,9181,15611,3042,921,1992,30747,0.29859823722639606,0.507724330829024,0.09893648160796176,0.029954141867499267,0.06478680846911894,0.05110095944252016,-0.03221230699661133,-0.012237747138771307,-0.00667485687206774,,0.37393415335023356,0.5084660981019473,0.09270715569005804,0.024892592857761173,,0.9351892399659508,NDP,0.999,13.453194475171376
Nipissing,15392,8665,4150,1025,1015,30659,0.50203855311654,0.2826250040771062,0.1353599269382563,0.03343227111125607,0.03310610261260968,-0.00046471999501269436,-0.05720642174103775,0.04614269118415467,-0.00019916662105196742,,0.5326100100920339,0.23936693959043873,0.19273356161401964,0.03528948870350777,,0.9417281380702108,PC,1.0,29.324307050159515
Northumberland—Peterborough South,26419,6806,12936,2942,2768,51871,0.5093212006708951,0.1312101174066434,0.24938790460951205,0.05671762641938655,0.053363150893562875,-0.019757025838009763,-0.02536069578715129,0.05320816989154416,-0.0026150232638763836,,0.5141874421176381,0.11117325603070681,0.31781553786211575,0.0568237639895393,,0.9521122741089438,PC,1.0,19.637190425552237
Oakville,21162,3154,17554,2416,1261,46569,0.45442246988339885,0.06772745818033456,0.37694603706328245,0.051880006012583475,0.027078099164680368,0.0005378642511189059,-0.03610775834407469,0.041334489282762996,-0.002902091162288647,,0.4769783836354537,0.03314995217688185,0.4385234368667717,0.05134822732089269,,0.953838475167118,PC,0.824,3.8454946768681997
Oakville North—Burlington,22221,4673,16631,2027,1543,47095,0.4718335279753689,0.09922497080369466,0.3531372757192908,0.043040662490710264,0.032763563010935345,0.008036829043806528,-0.039653055977326185,0.03656641509524634,0.001327316615722756,,0.4929260244064042,0.06119266737800464,0.40030622479570305,0.045575083419888154,,0.9735139417665141,PC,0.995,9.261979961070116
Orléans,16926,7150,23982,2359,1238,51839,0.326510928065742,0.13792704334574354,0.4626246648276394,0.045506279056308954,0.023881633519165106,0.022073507634809128,0.020397414822860276,0.015720062283570868,0.006065176290846333,,0.33620370847438635,0.15270122394164687,0.4613552835792977,0.04973978400466896,,1.0368250763275206,Liberal,0.996,12.515157510491138
Oshawa,16423,17170,3726,1641,1849,40809,0.40243573721483006,0.4207405229238648,0.09130338895831802,0.04021171800338161,0.04530863289960548,0.04676717523822238,-0.04436790249306005,-0.005927925862591021,-0.0062647125477333625,,0.47539830941619665,0.39832089797959325,0.09035415776734397,0.03592663483686617,,0.9448980014352324,PC,0.975,7.707741143660341
Ottawa Centre,8773,30311,12596,2718,938,55781,0.15727577490543376,0.5433929115648698,0.22581165629873973,0.04872626880120471,0.016815761639267852,0.015497632108947388,-0.02357050095579763,0.037024478948593315,0.007349247592249855,,0.1708078410335957,0.5139086229261215,0.2598459657826522,0.055437570257630686,,1.011507469264241,NDP,1.0,25.406265714346933
Ottawa South,9390,9619,18282,1885,1215,40500,0.23185185185185186,0.23750617283950617,0.4514074074074074,0.04654320987654321,0.03,0.025228448547257167,5.145147787773835e-05,0.018472023564579637,0.006606656574057948,,0.25261725523471235,0.23343350276925565,0.46172208434140777,0.052227157654624094,,1.0176672221390812,Liberal,1.0,20.910482910669543
Ottawa—Vanier,7798,10026,16132,3019,987,38673,0.20163938665218628,0.25925063998138237,0.41713857213042693,0.07806479973107854,0.02552168179349934,0.015392050420420203,0.00021585068088612186,0.015554012867702704,0.028337144016097646,,0.21369933942281288,0.2554828848980644,0.42604942783618793,0.10476834784293478,,1.0155924564801808,Liberal,1.0,17.05665429381235
Ottawa West—Nepean,14610,15696,9384,1475,649,41814,0.3494045056679581,0.37537666810159276,0.22442244224422442,0.03527526665710049,0.015521117329124217,0.04955157869930879,0.013322347193181344,-0.002889509848220435,-0.01038924413409153,,0.3858099742468642,0.37589088863877557,0.21423314066781812,0.024065996446542035,,1.034074054581054,PC,0.583,0.9919085608088629
Oxford,22166,9504,5457,2097,5097,44321,0.5001240946729542,0.21443559486473682,0.1231244782383069,0.04731391439723833,0.11500191782676383,-0.004316552534176739,-0.03447958762212226,0.040360105507234345,0.007374996266764864,,0.5546336239028608,0.20130724919897222,0.1828815405749928,0.06117758632317423,,0.8939370437909364,PC,1.0,35.33263747038885
Parkdale—High Park,6270,23024,9547,2587,886,42664,0.14696231014438402,0.5396587286705419,0.22377179823738982,0.06063660228764298,0.020766922932683292,0.024258710939201285,-0.029907374853416352,0.03985183806464095,0.011422766534649896,,0.16841598878802874,0.5014003405997549,0.25930481604842265,0.07087885456379374,,1.0166553800250344,NDP,1.0,24.209552455133228
Parry Sound—Muskoka,20216,3427,0,18102,2687,44558,0.45370079447012884,0.07691099241438125,0.0,0.40625701333093944,0.06030342474976435,0.018640655810317583,-0.05513588429461019,-0.016740478276726506,0.11990969980910218,,0.4629512836835808,0.021342218114483547,0.0,0.5157064982019355,,1.0202832715402592,Green,0.886,5.275521451835469
Perth—Wellington,19468,9170,6708,2627,3442,41597,0.46801452027790463,0.22044859004255116,0.1612616294444311,0.0631535928071736,0.08274635190037744,-0.0027052423993447917,-0.03796579932647476,0.05410599761944554,0.004186946793574302,,0.5000635789725653,0.1961125680588701,0.23145359764887088,0.07237025531969386,,0.9305002352592607,PC,1.0,26.86099813236944
Peterborough—Kawartha,20205,11196,15998,1914,3060,52373,0.38579038817711414,0.21377427300326504,0.30546273843392585,0.03654554827869322,0.0584270521070017,0.02100310466854808,-0.04833551957230463,0.05443867641317475,-2.3906017072874985e-05,,0.4199569149355439,0.17079218257802356,0.3715474571700426,0.03770344531638987,,0.9686553033853437,PC,0.873,4.840945776550126
Pickering—Uxbridge,19208,6934,12345,2266,2333,43232,0.44430051813471505,0.16039045151739453,0.2855523686158401,0.052414877868245745,0.053964655810510735,0.011618094867594898,-0.03331452416329152,0.05963467560067759,-0.004144476474543868,,0.46691349862018683,0.13014047713601093,0.3535115388953835,0.04943448534841874,,0.9764519859666325,PC,0.998,11.340195972480332
Renfrew—Nipissing—Pembroke,24563,6872,3928,1470,3030,40188,0.6112023489598886,0.17099631730864934,0.0977406190902757,0.036578083009853685,0.07539564048969842,-0.10951722231515888,-0.03026830095137012,-0.00031157186240212374,0.0007121066293158708,,0.6455594177265711,0.1810862859439625,0.12536994951142114,0.04798434681804535,,0.7771323798690519,PC,1.0,46.44731317826086
Richmond Hill,16088,2805,9825,917,1054,30796,0.5224055072087284,0.09108325756591765,0.3190349396025458,0.029776594362904273,0.034225224055072084,-0.0019810089970587474,-0.03868666821266198,0.046818541769863095,-0.008172446282292311,,0.5419515073996414,0.054563939015506116,0.38098676445577384,0.022497789129078672,,0.9602787170179461,PC,1.0,16.096474294386752
St. Catharines,14851,17128,7175,1764,1716,43136,0.34428319732937684,0.39706973293768544,0.16633438427299704,0.04089391691394659,0.03978115727002968,0.04103455230688938,-0.01213685587805069,-0.007985128526916841,-0.005375319797645819,,0.39965808954600934,0.3992588931974363,0.16424252734853614,0.036840489908018234,,0.9641184795582819,NDP,0.514,0.039919634857304986
Sarnia—Lambton,21184,9489,4200,1266,3070,40181,0.5272143550434285,0.2361563923247306,0.10452701525596675,0.03150742888429855,0.07640427067519474,-0.029154428739286923,-0.04222669160164469,0.03604920924333192,0.0012980882702835674,,0.575544724877162,0.22409997342372154,0.16244612381103796,0.03790917788807852,,0.8653713686811083,PC,1.0,35.144475145344046
Sault Ste. Marie,12606,10029,1610,675,1964,26884,0.46890343698854337,0.3730471656003571,0.05988692158904925,0.025107870852551704,0.07305460496949859,0.04364449063674482,-0.06131818806539051,0.01296273326861792,-0.006909937918445838,,0.5599630858475791,0.3405666295781122,0.07958888396258094,0.01988140061172778,,0.9153244929520278,PC,1.0,21.939645626946696
Scarborough—Agincourt,14040,2512,10672,628,784,28636,0.49029194021511385,0.08772174884760442,0.3726777482888672,0.021930437211901105,0.027378125436513478,0.008647737296343569,-0.03593766179045117,0.06412341384706557,-0.0004888954278860977,,0.4945057076662556,0.0513238929879665,0.4329194039423978,0.0212509954033801,,1.0089664684885584,PC,0.927,6.158630372385781
Scarborough Centre,11471,8358,9678,892,1004,31869,0.35994226364178356,0.2622611315071072,0.3036806928362986,0.027989582352756597,0.03150396937462738,0.01995169943644424,-0.05791392863069199,0.06104252954630711,-0.004827234326514566,,0.39078645702033293,0.21020633959809862,0.375180733889651,0.023826469491917492,,0.9721267363634908,PC,0.62,1.5605723130681926
Scarborough—Guildwood,9123,4824,13405,818,631,28949,0.31514041935818166,0.16663788041037686,0.46305571867767453,0.028256589174064733,0.021796953262634287,0.015594005439158232,0.01548855034948967,-9.35227357518921e-06,0.006193505322353304,,0.3273440191999429,0.1802594268316829,0.45829961228718885,0.03409694168118545,,1.0103573164577238,Liberal,1.0,13.095559308724598
Scarborough North,12646,4820,7750,479,382,26177,0.4830958474997135,0.18413110746074798,0.2960614279711197,0.018298506322344043,0.01459296328838293,0.01751083700045834,-0.047208151318099204,0.06499666008292283,-0.0048449805239723824,,0.494650472277293,0.135293848481444,0.3567622233286564,0.013293455912606781,,1.0120412544952346,PC,0.998,13.788824894863655
Scarborough—Rouge Park,15989,7742,9784,850,808,35312,0.452792251925691,0.21924558223833257,0.2770729497054826,0.024071137290439512,0.022881739918441325,0.013915421244186743,-0.06478328929973713,0.09092714113942432,-0.003400019856273334,,0.46215948112130506,0.15295701626770616,0.3644138307868992,0.02046967182408947,,1.0098411743875464,PC,0.988,9.774565033440584
Scarborough Southwest,9750,16842,6556,1251,813,35326,0.2760006793862877,0.47675932740757515,0.1855856875955387,0.03541301024740984,0.023014210496518146,0.04893561447291518,-0.008814617136876896,-0.01588948825492402,-0.009225969294887773,,0.3286286854444349,0.4732621683177395,0.1716245306176454,0.026484615620180202,,0.9887642444230379,NDP,1.0,14.463348287330458
Simcoe—Grey,27067,5849,11687,4742,3186,52886,0.5117989638089475,0.11059637711303559,0.22098475967174677,0.08966456150966229,0.060242786370684115,-0.022361158248497732,-0.02329265305344061,0.051593034344711367,0.021097247904791762,,0.5097879634454525,0.09093369409537318,0.2839112077437219,0.11536713471545253,,0.9600811330509569,PC,1.0,22.58767557017306
Simcoe North,23041,8208,8070,4071,2557,46265,0.49802226304982167,0.17741273100616017,0.17442991462228466,0.08799308332432725,0.05526856154760618,-0.003331613989234235,-0.03162569954213504,0.05070586353148979,0.02254901720676026,,0.5067744012657219,0.14934815469584445,0.2306351441937158,0.11324229984471781,,0.9761555592094745,PC,1.0,27.613925707200615
Spadina—Fort York,6221,15595,9463,1902,581,33857,0.18374339132232625,0.46061375786395725,0.2794990696163275,0.056177452225536814,0.017160409959535695,0.009633688923638035,0.03318463963228979,0.03163606966507224,0.02062357592801,,0.17986697578194258,0.4592996454939138,0.2893979808302891,0.07143539789385452,,1.0751116451771578,NDP,1.0,16.990166466362467
Stormont—Dundas—South Glengarry,20766,4982,6458,1477,2431,36114,0.5750124605416183,0.13795204075981612,0.17882261726754167,0.040898266600210446,0.06731461483081354,-0.1049607659528591,-0.03414552494743486,0.038093464185794845,-0.0012871019557364957,,0.5660644594747343,0.12501003600189184,0.26122336290412923,0.04770214161924449,,0.830385456498951,PC,1.0,30.484109657060504
Sudbury,8519,12013,5727,1480,1167,29410,0.28966337980278817,0.40846650799047945,0.19472968378102687,0.05032301938116287,0.03968038082284937,0.03093677598404706,-0.012577204690248103,0.02618759686598969,-0.007217751026780773,,0.32697218712482057,0.4037577306901405,0.2253080827410781,0.043961999443960904,,0.9805120080884652,NDP,0.955,7.678554356531992
Thornhill,18395,2698,10247,1155,1643,34522,0.532848618272406,0.07815306181565379,0.296825212907711,0.0334569260181913,0.04759283934882104,-0.025019147998363845,-0.034004090015712765,0.04597912690904058,-0.005376388325474695,,0.5502759287293582,0.04783912293736882,0.37145732476558024,0.03042762356769276,,0.9228633195834515,PC,1.0,17.881860396377792
Thunder Bay—Atikokan,9657,8759,6486,781,777,26598,0.36307241145950825,0.3293104744717648,0.24385292127227612,0.029363110008271298,0.02921272276110986,0.029403733459147142,-0.0672142961386246,0.02192818680079335,-0.001202168139816195,,0.41377986039085923,0.2763228325689498,0.2802077813310054,0.029689525709185555,,0.9485143731933202,PC,0.997,13.357207905985385
Thunder Bay—Superior North,7604,8404,6966,738,652,24634,0.30867906145977103,0.3411545019079321,0.2827798977023626,0.029958593813428594,0.026467483965251278,0.009388757298302776,0.022143206232315575,-0.018023702103882877,-0.006391079526294437,,0.32801005383227244,0.37465374922089306,0.2730320040228231,0.02430419292401142,,0.9696892367839354,NDP,0.845,4.664369538862062
Timiskaming—Cochrane,8024,9735,1600,1485,1530,22779,0.35225426928311165,0.4273673119978928,0.07024013345625357,0.06519162386408534,0.06716712761754247,0.0840012947175398,-0.07536746784779778,0.017823221950539193,-0.01395337913976364,,0.4703274948121404,0.3794913315377929,0.09494117840790714,0.055239995242159494,,0.9275570082818609,PC,0.979,9.08361632743475
Timmins,9356,4271,0,323,421,14437,0.6480570755697167,0.29583708526702224,0.0,0.022373069197201636,0.029161183071275194,-0.1373617930095707,-0.07106561436262902,0.05144457539333068,-0.006203321391433253,,0.6359199555315199,0.2798863993137473,0.06405900585661249,0.02013463929812021,,0.8030810766636384,PC,1.0,35.60335562177726
Toronto Centre,4245,15285,12820,1784,385,34921,0.1215600927808482,0.4377022422038315,0.3671143438045875,0.05108673863864151,0.011024884739841357,0.01676004973585557,0.041035563154213764,-0.0270793678166788,0.004464077194527323,,0.1365930949795352,0.47276034659716204,0.3357893429431035,0.05485721548019932,,1.0126437396958266,NDP,0.998,13.697100365405856
Toronto—Danforth,5556,22890,9240,2513,747,41324,0.13444971445165038,0.5539154002516697,0.22359887716581164,0.06081211886555028,0.018076662472171136,0.019013009215004636,-0.026644162798755436,0.04145093946415825,0.008276007633150092,,0.15121388524429755,0.5195446196172779,0.26116578409597807,0.06807571104244628,,1.0148719042482397,NDP,1.0,25.837883552129988
Toronto—St. Paul's,9445,15292,14200,2302,715,42179,0.2239265985442993,0.36255008416510587,0.33666042343346214,0.05457692216505844,0.016951563574290524,0.024616473613345884,0.01473454935131812,-0.03794442038524326,0.012505865232934623,,0.2506418224301841,0.3804705047641855,0.3012384241616569,0.06764924864397344,,0.9916264961202812,NDP,0.964,7.923208060252857
University—Rosedale,6535,13961,10172,5904,469,37181,0.17576181382964418,0.3754874801646002,0.273580592237971,0.15879078023721793,0.012613969500551356,-0.00013799806384255826,-7.630618618807011e-05,0.04990933828613856,0.05797643967466767,,0.16093198997731278,0.3440061191281183,0.2964283518716542,0.19863353902291467,,1.091292140180209,NDP,0.855,4.757776725646407
Vaughan—Woodbridge,19340,1927,12615,694,1106,35958,0.5378497135547027,0.05359029979420435,0.35082596362422824,0.019300294788364203,0.030758106680015575,-0.03077090353579349,-0.037880756230516205,0.0737147767651456,-0.0021807144188938175,,0.5257706537521656,0.016288625804183055,0.440190081322124,0.017750639121527353,,0.9644486743414415,PC,0.976,8.558057243004157
Waterloo,13176,20615,6251,3110,1537,44922,0.2933084012287966,0.45890654912960244,0.1391523084457504,0.06923111170473265,0.034214861315168515,0.02653083152921597,-0.014829912160969586,0.029729826136695482,-0.013258105469643282,,0.3234714907165266,0.44911979844982564,0.17080004650368927,0.05660866432995848,,0.9887710105441807,NDP,0.999,12.564830773329906
Wellington—Halton Hills,25049,7724,6920,7002,2548,49493,0.506111975430869,0.15606247348109833,0.13981775200533408,0.1414745519568424,0.051482027761501625,-0.021138420079352575,-0.025432632486964896,0.029501807956667993,0.03340114586881397,,0.5052867632841642,0.13610129627874012,0.17641154135071846,0.18220039908637706,,0.9597986541333084,PC,1.0,32.308636419778715
Whitby,21840,10524,9556,2397,1590,46104,0.4737116085372202,0.2282665278500781,0.20727051882699982,0.051991150442477874,0.034487246225924,-0.010220873736294857,-0.048358743204011484,0.08476841994246687,-0.0037943930805144823,,0.47120233056184563,0.18290110469598964,0.29689790589252163,0.04899865884964309,,0.983634215578422,PC,1.0,17.4304424669324
Willowdale,14105,3253,11990,1143,862,31583,0.44660101953582626,0.10299844853243834,0.3796346135579267,0.03619035557103505,0.027293164043947694,0.010425102691415567,-0.036899490418920336,0.03303010407215085,0.0004410965390191368,,0.46998779817823166,0.0679735846044289,0.4243682638524711,0.03767035336486834,,0.9724212500808915,PC,0.858,4.561953432576055
Windsor—Tecumseh,17692,11551,5598,1002,2529,38551,0.4589245415164328,0.29962906279992735,0.14521024097948174,0.025991543669424917,0.06560141111774014,0.023611882881787366,-0.06022378674947611,0.08056189847784467,0.004233640089925538,,0.4934217908491446,0.2448059339662633,0.23086525232536978,0.030907022859222293,,0.9779390236653484,PC,1.0,24.86158568828813
Windsor West,11211,13395,4159,879,2108,31752,0.3530801209372638,0.4218631897203326,0.13098387503149408,0.0276832955404384,0.06638951877047115,0.05165089211715772,-0.02012024354619421,-0.0002889151053578551,-0.0028199302868745658,,0.4207041900920914,0.41759819570010376,0.1358529875185279,0.025844626689277,,0.9620322844082599,PC,0.549,0.31059943919876654
York Centre,12947,3935,8984,799,1090,28128,0.4602886803185438,0.139896188850967,0.31939704209328784,0.02840585893060296,0.0387514220705347,0.01922438918623721,-0.03581235136517141,0.04731468056577464,-0.007843717078126264,,0.493899995323668,0.10720668552495274,0.37771424727483754,0.021179071876541583,,0.9708707715021159,PC,0.999,11.618574804883048
York—Simcoe,20789,4083,6319,2691,2331,36628,0.567571256961887,0.11147209784864039,0.17251829201703614,0.07346838484219723,0.06363983837501365,-0.05853611082451651,-0.03233514546452508,0.05034134320074796,0.0001897073564226387,,0.5753826157068384,0.08945163611463433,0.251907085041385,0.08325866313714235,,0.8846898259378898,PC,1.0,32.34755306654534
York South—Weston,11138,10342,7377,770,805,30432,0.3659963196635121,0.3398396424815983,0.24240930599369084,0.025302313354363826,0.02645241850683491,0.029777255324397754,-0.06980994524469412,0.028940562996480332,-0.0036920765092798256,,0.4127958827429405,0.281643733392564,0.28302068602079034,0.022539697843705145,,0.9587633780600692,PC,0.999,12.977519672215015
